{"cameraMode":{"drawMode":0,"name":"Shaded","section":"Shading Mode"},"sceneLighting":true,"audioPlay":false,"sceneViewState":{"showFog":true,"showMaterialUpdate":false,"showSkybox":true,"showFlares":true,"showImageEffects":true,"showParticleSystems":true},"in2DMode":false,"pivot":{"x":68.47801971435547,"y":21.952457427978517,"z":129.56163024902345},"rotation":{"x":-0.0407806858420372,"y":0.029368387535214425,"z":-0.0011992439394816757,"w":-0.9987367987632752},"size":268.6005554199219,"orthographic":false}